{"cameraMode":{"drawMode":0,"name":"Shaded","section":"Shading Mode"},"sceneLighting":true,"audioPlay":false,"sceneViewState":{"m_AlwaysRefresh":false,"showFog":true,"showSkybox":true,"showFlares":true,"showImageEffects":true,"showParticleSystems":true,"showVisualEffectGraphs":true,"m_FxEnabled":true},"in2DMode":false,"pivot":{"x":11.904356956481934,"y":4.0056023597717289,"z":4.246614933013916},"rotation":{"x":0.0030201543122529985,"y":-0.987357497215271,"z":-0.15741653740406037,"w":-0.018964292481541635},"size":8.273388862609864,"orthographic":false}