{"cameraMode":{"drawMode":0,"name":"Shaded","section":"Shading Mode"},"sceneLighting":true,"audioPlay":false,"sceneViewState":{"m_AlwaysRefresh":false,"showFog":true,"showSkybox":true,"showFlares":true,"showImageEffects":true,"showParticleSystems":true,"showVisualEffectGraphs":true,"m_FxEnabled":true},"in2DMode":false,"pivot":{"x":-1.7843632698059083,"y":-0.11546367406845093,"z":15.683967590332032},"rotation":{"x":0.00025524231023155153,"y":0.999666690826416,"z":-0.010496591217815876,"w":0.023996593430638315},"size":27.003583908081056,"orthographic":true}