{"cameraMode":{"drawMode":0,"name":"Shaded","section":"Shading Mode"},"sceneLighting":true,"audioPlay":false,"sceneViewState":{"m_AlwaysRefresh":false,"showFog":true,"showSkybox":true,"showFlares":true,"showImageEffects":true,"showParticleSystems":true,"showVisualEffectGraphs":true,"m_FxEnabled":true},"in2DMode":false,"pivot":{"x":8.401409149169922,"y":2.7676687240600588,"z":-2.1630520820617677},"rotation":{"x":-0.0018343052361160517,"y":-0.9970322847366333,"z":0.0728110671043396,"w":-0.025134701281785966},"size":32.896522521972659,"orthographic":false}