{"cameraMode":{"drawMode":0,"name":"Shaded","section":"Shading Mode"},"sceneLighting":true,"audioPlay":false,"sceneViewState":{"m_AlwaysRefresh":false,"showFog":true,"showSkybox":true,"showFlares":true,"showImageEffects":true,"showParticleSystems":true,"showVisualEffectGraphs":true,"m_FxEnabled":true},"in2DMode":false,"pivot":{"x":-1.7843632698059083,"y":-0.11546367406845093,"z":15.683967590332032},"rotation":{"x":-0.001881107804365456,"y":0.9919714331626892,"z":-0.12565401196479798,"w":-0.01488106232136488},"size":43.6660270690918,"orthographic":false}