{"cameraMode":{"drawMode":0,"name":"Shaded","section":"Shading Mode"},"sceneLighting":true,"audioPlay":false,"sceneViewState":{"m_AlwaysRefresh":false,"showFog":true,"showSkybox":true,"showFlares":true,"showImageEffects":true,"showParticleSystems":true,"showVisualEffectGraphs":true,"m_FxEnabled":true},"in2DMode":false,"pivot":{"x":119.7730712890625,"y":33.315086364746097,"z":32.576255798339847},"rotation":{"x":0.021446069702506067,"y":0.9748110771179199,"z":-0.1074729859828949,"w":0.1943582445383072},"size":36.46136474609375,"orthographic":false}