{"cameraMode":{"drawMode":0,"name":"Shaded","section":"Shading Mode"},"sceneLighting":true,"audioPlay":false,"sceneViewState":{"m_AlwaysRefresh":false,"showFog":true,"showSkybox":true,"showFlares":true,"showImageEffects":true,"showParticleSystems":true,"showVisualEffectGraphs":true,"m_FxEnabled":true},"in2DMode":false,"pivot":{"x":0.5299947261810303,"y":0.4788011312484741,"z":-0.8501386642456055},"rotation":{"x":-0.016422608867287637,"y":-0.9824201464653015,"z":0.10502444952726364,"w":-0.15360933542251588},"size":12.533543586730957,"orthographic":false}