{"cameraMode":{"drawMode":0,"name":"Shaded","section":"Shading Mode"},"sceneLighting":false,"audioPlay":false,"sceneViewState":{"m_AlwaysRefresh":false,"showFog":true,"showSkybox":false,"showFlares":true,"showImageEffects":true,"showParticleSystems":true,"showVisualEffectGraphs":true,"m_FxEnabled":true},"in2DMode":false,"pivot":{"x":5.960464477539063e-7,"y":0.19571423530578614,"z":0.19571387767791749},"rotation":{"x":0.018970446661114694,"y":0.9805561900138855,"z":-0.12152796238660813,"w":0.15301503241062165},"size":5.809436798095703,"orthographic":false}